"Outlet Type","total_rows","total_sales","avg_sales","min_sales","max_sales","stddev_sales","median_sales"
"Supermarket Type1","5577","787549.8928","141.2138950690335306","31.49","266.8884","62.3411226656426476","143.1154"
"Grocery Store","1083","151939.1490","140.2946897506925208","32.6558","266.6884","61.7442080985176004","143.9128"
"Supermarket Type2","928","131477.7764","141.6786383620689655","31.89","265.1884","63.0129925946499822","140.5667"
"Supermarket Type3","935","130714.6746","139.8017910160427807","31.29","265.2884","61.8325316671941380","143.7154"
